fetched_utc,naptan_id,time_local,live
2026-10-07T18:12:56+00:00,940GZZLUKSX,2026-10-07T19:01:00,0.49672854
2026-10-07T18:12:56+00:00,940GZZLUOXC,2026-10-07T19:01:00,0.0
2026-10-07T18:12:56+00:00,940GZZLUWLO,2026-10-07T19:06:00,0.045255803
2026-10-07T18:12:56+00:00,940GZZLULVT,2026-10-07T19:01:00,0.3744798
2026-10-07T18:12:56+00:00,940GZZLUBNK,2026-10-07T19:06:00,0.29059792
2026-10-07T18:12:56+00:00,940GZZLUVIC,2026-10-07T19:01:00,0.08174328
2026-10-07T18:12:56+00:00,940GZZLULSQ,2026-10-07T19:06:00,0.45981142
2026-10-07T18:12:56+00:00,940GZZLUCYF,2026-10-07T19:06:00,0.3027231
2026-10-07T18:12:56+00:00,940GZZLUSTD,2026-10-07T19:01:00,0.052339293
2026-10-07T18:12:56+00:00,940GZZLUBXN,2026-10-07T19:06:00,0.28758296
2026-10-07T18:12:56+00:00,940GZZLUCPC,2026-10-07T19:06:00,0.10957004
2026-10-07T18:12:56+00:00,940GZZLUEBY,2026-10-07T19:06:00,0.22495274
2026-10-07T18:12:56+00:00,940GZZLUMDN,2026-10-07T19:06:00,0.19664635
2026-10-07T18:12:56+00:00,940GZZLUWWL,2026-10-07T19:06:00,0.25041005
2026-10-07T18:12:56+00:00,940GZZLUHOH,2026-10-07T19:06:00,0.44280443
2026-10-07T18:12:56+00:00,940GZZLUWIM,2026-10-07T19:01:00,0.32903418
2026-10-07T18:12:56+00:00,940GZZLUWYP,2026-10-07T19:06:00,0.16666667
2026-10-07T18:12:56+00:00,940GZZLUNGW,2026-10-07T19:01:00,0.053355183
2026-10-07T18:12:56+00:00,940GZZLUECT,2026-10-07T19:06:00,0.16055189
2026-10-07T18:12:56+00:00,940GZZLUAGL,2026-10-07T19:06:00,0.48030394
2026-10-07T18:12:56+00:00,940GZZLUBLM,2026-10-07T19:01:00,0.27380952
2026-10-07T18:12:56+00:00,940GZZLUCWR,2026-10-07T19:01:00,0.40955022
2026-10-07T18:12:56+00:00,940GZZLUGPK,2026-10-07T19:01:00,0.4230339
2026-10-07T18:12:56+00:00,940GZZLUEUS,2026-10-07T19:06:00,0.0811245
2026-10-07T18:12:56+00:00,940GZZLULNB,2026-10-07T19:06:00,0.36690998
2026-10-07T18:12:56+00:00,940GZZLUPAC,2026-10-07T19:01:00,0.08684919
2026-10-07T18:12:56+00:00,940GZZLUHBN,2026-10-07T19:06:00,0.4083357
2026-10-07T18:12:56+00:00,940GZZLUWPL,2026-10-07T19:01:00,0.4069977
2026-10-07T18:12:56+00:00,940GZZLUTCR,2026-10-07T19:06:00,0.007356965
2026-10-07T18:12:56+00:00,940GZZLURVY,2026-10-07T19:06:00,0.0
