name,naptan_id,lat,lon
Abbey Wood,910GABWDXR,51.491284,0.121087
Acton Main Line,910GACTONML,51.51718,-0.266756
Acton Town,940GZZLUACT,51.503057,-0.280462
Aldgate,940GZZLUALD,51.514246,-0.075689
Aldgate East,940GZZLUADE,51.515037,-0.072384
Alperton,940GZZLUALP,51.540627,-0.29961
Amersham,940GZZLUAMS,51.674126,-0.607714
Angel,940GZZLUAGL,51.53184,-0.10635
Archway,940GZZLUACY,51.565478,-0.134819
Arnos Grove,940GZZLUASG,51.616446,-0.133062
Arsenal,940GZZLUASL,51.558655,-0.107457
Baker Street,940GZZLUBST,51.522883,-0.15713
Balham,940GZZLUBLM,51.443288,-0.152997
Bank and Monument,940GZZLUBNK,51.513132,-0.090047
Barbican,940GZZLUBBN,51.520275,-0.097993
Barking,940GZZLUBKG,51.539321,0.081053
Barkingside,940GZZLUBKE,51.585689,0.088585
Barons Court,940GZZLUBSC,51.490311,-0.213427
Battersea Power Station,940GZZBPSUST,51.479932,-0.142142
Bayswater,940GZZLUBWT,51.512284,-0.187938
Becontree,940GZZLUBEC,51.540331,0.127016
Belsize Park,940GZZLUBZP,51.550311,-0.164648
Bermondsey,940GZZLUBMY,51.49775,-0.063993
Bethnal Green,940GZZLUBLG,51.527222,-0.055506
Blackfriars,940GZZLUBKF,51.511581,-0.103659
Blackhorse Road,940GZZLUBLR,51.586919,-0.04115
Bond Street,940GZZLUBND,51.514304,-0.149723
Borough,940GZZLUBOR,51.501199,-0.09337
Boston Manor,940GZZLUBOS,51.495635,-0.324939
Bounds Green,940GZZLUBDS,51.607034,-0.124235
Bow Road,940GZZLUBWR,51.52694,-0.025128
Brent Cross,940GZZLUBTX,51.57665,-0.213622
Brentwood,910GBRTWOOD,51.613605,0.299586
Brixton,940GZZLUBXN,51.462618,-0.114888
Bromley-by-Bow,940GZZLUBBB,51.524839,-0.011538
Buckhurst Hill,940GZZLUBKH,51.626605,0.046757
Burnham,910GBNHAM,51.523506,-0.646374
Burnt Oak,940GZZLUBTK,51.602774,-0.264048
Caledonian Road,940GZZLUCAR,51.548519,-0.118493
Camden Town,940GZZLUCTN,51.539292,-0.14274
Canada Water,940GZZLUCWR,51.497931,-0.049405
Canary Wharf,940GZZLUCYF,51.503488,-0.018246
Canning Town,940GZZLUCGT,51.513584,0.008322
Cannon Street,940GZZLUCST,51.51151,-0.090432
Canons Park,940GZZLUCPK,51.607701,-0.294693
Chadwell Heath,910GCHDWLHT,51.568039,0.128958
Chalfont & Latimer,940GZZLUCAL,51.667985,-0.560689
Chalk Farm,940GZZLUCFM,51.544118,-0.153388
Chancery Lane,940GZZLUCHL,51.518247,-0.111583
Charing Cross,940GZZLUCHX,51.50741,-0.127277
Chesham,940GZZLUCSM,51.705208,-0.611247
Chigwell,940GZZLUCWL,51.617916,0.075041
Chiswick Park,940GZZLUCWP,51.494627,-0.267972
Chorleywood,940GZZLUCYD,51.654358,-0.518461
Clapham Common,940GZZLUCPC,51.461742,-0.138317
Clapham North,940GZZLUCPN,51.465135,-0.130016
Clapham South,940GZZLUCPS,51.452654,-0.147582
Cockfosters,940GZZLUCKS,51.65152,-0.149171
Colindale,940GZZLUCND,51.595424,-0.249919
Colliers Wood,940GZZLUCSD,51.41816,-0.178086
Covent Garden,940GZZLUCGN,51.513093,-0.124436
Croxley,940GZZLUCXY,51.647044,-0.441718
Custom House,910GCUSTMHS,51.509769,0.02673
Dagenham East,940GZZLUDGE,51.544096,0.166017
Dagenham Heathway,940GZZLUDGY,51.541639,0.147527
Debden,940GZZLUDBN,51.645386,0.083782
Dollis Hill,940GZZLUDOH,51.551955,-0.239068
Ealing Broadway,940GZZLUEBY,51.515017,-0.301457
Ealing Common,940GZZLUECM,51.51014,-0.288265
Earl's Court,940GZZLUECT,51.492063,-0.193378
East Acton,940GZZLUEAN,51.516612,-0.247248
East Finchley,940GZZLUEFY,51.587131,-0.165012
East Ham,940GZZLUEHM,51.538948,0.051186
East Putney,940GZZLUEPY,51.459205,-0.211
Eastcote,940GZZLUEAE,51.576506,-0.397373
Edgware,940GZZLUEGW,51.613653,-0.274928
Edgware Road,940GZZLUERC,51.519858,-0.167832
Elephant & Castle,940GZZLUEAC,51.494536,-0.100606
Elm Park,940GZZLUEPK,51.549775,0.19864
Embankment,940GZZLUEMB,51.507058,-0.122666
Epping,940GZZLUEPG,51.69368,0.113767
Euston,940GZZLUEUS,51.527999,-0.133785
Euston Square,940GZZLUESQ,51.525604,-0.135829
Fairlop,940GZZLUFLP,51.595618,0.091004
Farringdon,940GZZLUFCN,51.520252,-0.104913
Finchley Central,940GZZLUFYC,51.600921,-0.192527
Finchley Road,940GZZLUFYR,51.546825,-0.179845
Finsbury Park,940GZZLUFPK,51.564158,-0.106825
Forest Gate,910GFRSTGT,51.549432,0.024353
Fulham Broadway,940GZZLUFBY,51.480081,-0.195422
Gants Hill,940GZZLUGTH,51.576544,0.066185
Gidea Park,910GGIDEAPK,51.581904,0.205964
Gloucester Road,940GZZLUGTR,51.494316,-0.182658
Golders Green,940GZZLUGGN,51.572259,-0.194039
Goldhawk Road,940GZZLUGHK,51.502005,-0.226715
Goodge Street,940GZZLUGDG,51.520599,-0.134361
Goodmayes,910GGODMAYS,51.565579,0.110807
Grange Hill,940GZZLUGGH,51.613378,0.092066
Great Portland Street,940GZZLUGPS,51.52384,-0.144262
Green Park,940GZZLUGPK,51.506947,-0.142787
Greenford,940GZZLUGFD,51.542424,-0.34605
Gunnersbury,940GZZLUGBY,51.491803,-0.275267
Hainault,940GZZLUHLT,51.603659,0.093482
Hammersmith,940GZZLUHSD,51.4923,-0.22362
Hampstead,940GZZLUHTD,51.556239,-0.177464
Hanger Lane,940GZZLUHGR,51.530177,-0.292704
Hanwell,910GHANWELL,51.511835,-0.338583
Harlesden,940GZZLUHSN,51.53631,-0.257883
Harold Wood,910GHRLDWOD,51.592766,0.233129
Harrow & Wealdstone,940GZZLUHAW,51.592268,-0.335217
Harrow-on-the-Hill,940GZZLUHOH,51.579195,-0.337225
Hatton Cross,940GZZLUHNX,51.466747,-0.423191
Hayes & Harlington,910GHAYESAH,51.503096,-0.420683
Heathrow Terminal 4,940GZZLUHR4,51.458524,-0.445771
Heathrow Terminal 5,940GZZLUHR5,51.470052,-0.49056
Heathrow Terminals 2 & 3,940GZZLUHRC,51.471235,-0.452265
Hendon Central,940GZZLUHCL,51.583301,-0.226424
High Barnet,940GZZLUHBT,51.650541,-0.194298
High Street Kensington,940GZZLUHSK,51.501055,-0.192792
Highbury & Islington,940GZZLUHAI,51.54635,-0.103324
Highgate,940GZZLUHGT,51.577532,-0.145857
Hillingdon,940GZZLUHGD,51.553715,-0.449828
Holborn,940GZZLUHBN,51.51758,-0.120475
Holland Park,940GZZLUHPK,51.507143,-0.205679
Holloway Road,940GZZLUHWY,51.552697,-0.113244
Hornchurch,940GZZLUHCH,51.554093,0.219116
Hounslow Central,940GZZLUHWC,51.471295,-0.366578
Hounslow East,940GZZLUHWE,51.473213,-0.356474
Hounslow West,940GZZLUHWT,51.473469,-0.386544
Hyde Park Corner,940GZZLUHPC,51.503035,-0.152441
Ickenham,940GZZLUICK,51.56177,-0.442225
Ilford,910GILFORD,51.559118,0.06968
Iver,910GIVER,51.508503,-0.506726
Kennington,940GZZLUKNG,51.488337,-0.105963
Kensal Green,940GZZLUKSL,51.530539,-0.225016
Kensington (Olympia),940GZZLUKOY,51.497624,-0.210015
Kentish Town,940GZZLUKSH,51.550312,-0.140733
Kenton,940GZZLUKEN,51.581756,-0.31691
Kew Gardens,940GZZLUKWG,51.477058,-0.285241
Kilburn,940GZZLUKBN,51.547183,-0.204248
Kilburn Park,940GZZLUKPK,51.534979,-0.194232
King's Cross St. Pancras,940GZZLUKSX,51.530663,-0.123194
Kingsbury,940GZZLUKBY,51.584845,-0.27879
Knightsbridge,940GZZLUKNB,51.501669,-0.160508
Ladbroke Grove,940GZZLULAD,51.517449,-0.210391
Lambeth North,940GZZLULBN,51.498808,-0.112315
Lancaster Gate,940GZZLULGT,51.511723,-0.175494
Langley,910GLANGLEY,51.508062,-0.541756
Latimer Road,940GZZLULRD,51.513389,-0.217799
Leicester Square,940GZZLULSQ,51.511386,-0.128426
Leyton,940GZZLULYN,51.556589,-0.005523
Leytonstone,940GZZLULYS,51.568324,0.008194
Liverpool Street,940GZZLULVT,51.517372,-0.083182
London Bridge,940GZZLULNB,51.505721,-0.088873
Loughton,940GZZLULGN,51.641443,0.055476
Maida Vale,940GZZLUMVL,51.529777,-0.185758
Maidenhead,910GMDNHEAD,51.518669,-0.72266
Manor House,940GZZLUMRH,51.570738,-0.096118
Manor Park,910GMANRPK,51.552477,0.046342
Mansion House,940GZZLUMSH,51.512117,-0.094009
Marble Arch,940GZZLUMBA,51.513424,-0.158953
Maryland,910GMRYLAND,51.546081,0.005815
Marylebone,940GZZLUMYB,51.522322,-0.163207
Mile End,940GZZLUMED,51.525122,-0.03364
Mill Hill East,940GZZLUMHL,51.608229,-0.209986
Moor Park,940GZZLUMPK,51.629845,-0.432454
Moorgate,940GZZLUMGT,51.518176,-0.088322
Morden,940GZZLUMDN,51.402142,-0.194839
Mornington Crescent,940GZZLUMTC,51.534679,-0.138789
Neasden,940GZZLUNDN,51.553986,-0.249837
Newbury Park,940GZZLUNBP,51.575726,0.090004
Nine Elms,940GZZNEUGST,51.479912,-0.128476
North Acton,940GZZLUNAN,51.523524,-0.259755
North Ealing,940GZZLUNEN,51.517505,-0.288868
North Greenwich,940GZZLUNGW,51.50047,0.004287
North Harrow,940GZZLUNHA,51.584872,-0.362408
North Wembley,940GZZLUNWY,51.562551,-0.304
Northfields,940GZZLUNFD,51.499319,-0.314719
Northolt,940GZZLUNHT,51.548236,-0.368699
Northwick Park,940GZZLUNKP,51.578481,-0.318056
Northwood,940GZZLUNOW,51.611053,-0.423829
Northwood Hills,940GZZLUNWH,51.600572,-0.409464
Notting Hill Gate,940GZZLUNHG,51.509128,-0.196104
Oakwood,940GZZLUOAK,51.647726,-0.132182
Old Street,940GZZLUODS,51.525864,-0.08777
Osterley,940GZZLUOSY,51.481274,-0.352224
Oval,940GZZLUOVL,51.48185,-0.112439
Oxford Circus,940GZZLUOXC,51.515224,-0.141903
Paddington,940GZZLUPAC,51.516581,-0.175689
Park Royal,940GZZLUPKR,51.527123,-0.284341
Parsons Green,940GZZLUPSG,51.475277,-0.20117
Perivale,940GZZLUPVL,51.536717,-0.323446
Piccadilly Circus,940GZZLUPCC,51.51005,-0.133798
Pimlico,940GZZLUPCO,51.489097,-0.133761
Pinner,940GZZLUPNR,51.592901,-0.381161
Plaistow,940GZZLUPLW,51.531341,0.017451
Preston Road,940GZZLUPRD,51.571972,-0.295107
Putney Bridge,940GZZLUPYB,51.468262,-0.208731
Queen's Park,940GZZLUQPS,51.534158,-0.204574
Queensbury,940GZZLUQBY,51.594188,-0.286219
Queensway,940GZZLUQWY,51.510312,-0.187152
Ravenscourt Park,940GZZLURVP,51.494122,-0.235881
Rayners Lane,940GZZLURYL,51.575147,-0.371127
Reading,910GRDNGSTN,51.458786,-0.971863
Redbridge,940GZZLURBG,51.576243,0.04536
Regent's Park,940GZZLURGP,51.523344,-0.146444
Richmond,940GZZLURMD,51.463237,-0.301336
Rickmansworth,940GZZLURKW,51.640207,-0.473703
Roding Valley,940GZZLURVY,51.617199,0.043647
Romford,910GROMFORD,51.574829,0.183237
Royal Oak,940GZZLURYO,51.519113,-0.188748
Ruislip,940GZZLURSP,51.571354,-0.421898
Ruislip Gardens,940GZZLURSG,51.560736,-0.41071
Ruislip Manor,940GZZLURSM,51.573202,-0.412973
Russell Square,940GZZLURSQ,51.523073,-0.124285
Seven Kings,910GSVNKNGS,51.564026,0.0971
Seven Sisters,940GZZLUSVS,51.58333,-0.072584
Shenfield,910GSHENFLD,51.630877,0.329851
Shepherd's Bush,940GZZLUSBC,51.504376,-0.218813
Shepherd's Bush Market,940GZZLUSBM,51.505579,-0.226375
Sloane Square,940GZZLUSSQ,51.49227,-0.156377
Slough,910GSLOUGH,51.51188,-0.59151
Snaresbrook,940GZZLUSNB,51.580678,0.02144
South Ealing,940GZZLUSEA,51.501003,-0.307424
South Harrow,940GZZLUSHH,51.564888,-0.352492
South Kensington,940GZZLUSKS,51.494094,-0.174138
South Kenton,940GZZLUSKT,51.570232,-0.308433
South Ruislip,940GZZLUSRP,51.556853,-0.398915
South Wimbledon,940GZZLUSWN,51.415309,-0.192005
South Woodford,940GZZLUSWF,51.591907,0.027338
Southall,910GSTHALL,51.505957,-0.37861
Southfields,940GZZLUSFS,51.445073,-0.206602
Southgate,940GZZLUSGT,51.632315,-0.127816
Southwark,940GZZLUSWK,51.50427,-0.105331
St. James's Park,940GZZLUSJP,51.499544,-0.133608
St. John's Wood,940GZZLUSJW,51.534521,-0.173948
St. Paul's,940GZZLUSPU,51.514936,-0.097567
Stamford Brook,940GZZLUSFB,51.494917,-0.245704
Stanmore,940GZZLUSTM,51.619839,-0.303266
Stepney Green,940GZZLUSGN,51.521858,-0.046596
Stockwell,940GZZLUSKW,51.472184,-0.122644
Stonebridge Park,940GZZLUSGP,51.543959,-0.275892
Stratford,940GZZLUSTD,51.541806,-0.003458
Sudbury Hill,940GZZLUSUH,51.556946,-0.336435
Sudbury Town,940GZZLUSUT,51.550815,-0.315745
Swiss Cottage,940GZZLUSWC,51.543681,-0.174894
Taplow,910GTAPLOW,51.523562,-0.68137
Temple,940GZZLUTMP,51.511006,-0.11426
Theydon Bois,940GZZLUTHB,51.671759,0.103085
Tooting Bec,940GZZLUTBC,51.435678,-0.159736
Tooting Broadway,940GZZLUTBY,51.42763,-0.168374
Tottenham Court Road,940GZZLUTCR,51.516426,-0.13041
Tottenham Hale,940GZZLUTMH,51.588108,-0.060241
Totteridge & Whetstone,940GZZLUTAW,51.630597,-0.17921
Tower Hill,940GZZLUTWH,51.509971,-0.076546
Tufnell Park,940GZZLUTFP,51.556822,-0.138433
Turnham Green,940GZZLUTNG,51.495148,-0.254555
Turnpike Lane,940GZZLUTPN,51.590272,-0.102953
Twyford,910GTWYFORD,51.475534,-0.863293
Upminster,940GZZLUUPM,51.559063,0.250882
Upminster Bridge,940GZZLUUPB,51.55856,0.235809
Upney,940GZZLUUPY,51.538372,0.10153
Upton Park,940GZZLUUPK,51.53534,0.035263
Uxbridge,940GZZLUUXB,51.546565,-0.477949
Vauxhall,940GZZLUVXL,51.485743,-0.124204
Victoria,940GZZLUVIC,51.496359,-0.143102
Walthamstow Central,940GZZLUWWL,51.582965,-0.019885
Wanstead,940GZZLUWSD,51.575501,0.028527
Warren Street,940GZZLUWRR,51.524951,-0.138321
Warwick Avenue,940GZZLUWKA,51.523263,-0.183783
Waterloo,940GZZLUWLO,51.503299,-0.11478
Watford,940GZZLUWAF,51.657446,-0.417377
Wembley Central,940GZZLUWYC,51.552304,-0.296852
Wembley Park,940GZZLUWYP,51.563198,-0.279262
West Acton,940GZZLUWTA,51.518001,-0.28098
West Brompton,940GZZLUWBN,51.487268,-0.195599
West Drayton,910GWDRYTON,51.510055,-0.472234
West Ealing,910GWEALING,51.513506,-0.320133
West Finchley,940GZZLUWFN,51.609426,-0.188362
West Ham,940GZZLUWHM,51.528136,0.005055
West Hampstead,940GZZLUWHP,51.546638,-0.191059
West Harrow,940GZZLUWHW,51.57971,-0.3534
West Kensington,940GZZLUWKN,51.490459,-0.206636
West Ruislip,940GZZLUWRP,51.569688,-0.437886
Westbourne Park,940GZZLUWSP,51.52111,-0.201065
Westminster,940GZZLUWSM,51.50132,-0.124861
White City,940GZZLUWCY,51.511959,-0.224297
Whitechapel,940GZZLUWPL,51.519518,-0.059971
Willesden Green,940GZZLUWIG,51.549146,-0.221537
Willesden Junction,940GZZLUWJN,51.532259,-0.244283
Wimbledon,940GZZLUWIM,51.421207,-0.206573
Wimbledon Park,940GZZLUWIP,51.434573,-0.199719
Wood Green,940GZZLUWOG,51.597479,-0.109886
Wood Lane,940GZZLUWLA,51.509669,-0.22453
Woodford,940GZZLUWOF,51.606899,0.03397
Woodside Park,940GZZLUWOP,51.618014,-0.18542
Woolwich,910GWOLWXR,51.492168,0.070593
