naptan_id,name,lines
940GZZLUACT,Acton Town,District;Piccadilly
940GZZLUALD,Aldgate,Circle;Metropolitan
940GZZLUADE,Aldgate East,District;Hammersmith & City
940GZZLUALP,Alperton,Piccadilly
940GZZLUAMS,Amersham,Metropolitan
940GZZLUAGL,Angel,Northern
940GZZLUACY,Archway,Northern
940GZZLUASG,Arnos Grove,Piccadilly
940GZZLUASL,Arsenal,Piccadilly
940GZZLUBST,Baker Street,Bakerloo;Circle;Hammersmith & City;Jubilee;Metropolitan
940GZZLUBLM,Balham,Northern
940GZZLUBNK,Bank,Central;Northern;Waterloo & City
940GZZLUBBN,Barbican,Circle;Hammersmith & City;Metropolitan
940GZZLUBKG,Barking,District;Hammersmith & City
940GZZLUBKE,Barkingside,Central
940GZZLUBSC,Barons Court,District;Piccadilly
940GZZLUBWT,Bayswater,Circle;District
940GZZLUBEC,Becontree,District
940GZZLUBZP,Belsize Park,Northern
940GZZLUBMY,Bermondsey,Jubilee
940GZZLUBLG,Bethnal Green,Central
940GZZLUBKF,Blackfriars,Circle;District
940GZZLUBLR,Blackhorse Road,Victoria
940GZZLUBND,Bond Street,Central;Jubilee
940GZZLUBOR,Borough,Northern
940GZZLUBOS,Boston Manor,Piccadilly
940GZZLUBDS,Bounds Green,Piccadilly
940GZZLUBWR,Bow Road,District;Hammersmith & City
940GZZLUBTX,Brent Cross,Northern
940GZZLUBXN,Brixton,Victoria
940GZZLUBBB,Bromley-by-Bow,District;Hammersmith & City
940GZZLUBKH,Buckhurst Hill,Central
940GZZLUBTK,Burnt Oak,Northern
940GZZLUCAR,Caledonian Road,Piccadilly
940GZZLUCTN,Camden Town,Northern
940GZZLUCWR,Canada Water,Jubilee
940GZZLUCYF,Canary Wharf,Jubilee
940GZZLUCGT,Canning Town,Jubilee
940GZZLUCST,Cannon Street,Circle;District
940GZZLUCPK,Canons Park,Jubilee
940GZZLUCAL,Chalfont & Latimer,Metropolitan
940GZZLUCFM,Chalk Farm,Northern
940GZZLUCHL,Chancery Lane,Central
940GZZLUCHX,Charing Cross,Bakerloo;Northern
940GZZLUCSM,Chesham,Metropolitan
940GZZLUCWL,Chigwell,Central
940GZZLUCWP,Chiswick Park,District
940GZZLUCYD,Chorleywood,Metropolitan
940GZZLUCPC,Clapham Common,Northern
940GZZLUCPN,Clapham North,Northern
940GZZLUCPS,Clapham South,Northern
940GZZLUCKS,Cockfosters,Piccadilly
940GZZLUCND,Colindale,Northern
940GZZLUCSD,Colliers Wood,Northern
940GZZLUCGN,Covent Garden,Piccadilly
940GZZLUCXY,Croxley,Metropolitan
940GZZLUDGE,Dagenham East,District
940GZZLUDGY,Dagenham Heathway,District
940GZZLUDBN,Debden,Central
940GZZLUDOH,Dollis Hill,Jubilee
940GZZLUEBY,Ealing Broadway,Central;District
940GZZLUECM,Ealing Common,District;Piccadilly
940GZZLUECT,Earl's Court,District;Piccadilly
940GZZLUEAN,East Acton,Central
940GZZLUEFY,East Finchley,Northern
940GZZLUEHM,East Ham,District;Hammersmith & City
940GZZLUEPY,East Putney,District
940GZZLUEAE,Eastcote,Metropolitan;Piccadilly
940GZZLUEGW,Edgware,Northern
940GZZLUERB,Edgware Road (Bakerloo),Bakerloo
940GZZLUERC,Edgware Road (Circle Line),Circle;District;Hammersmith & City
940GZZLUEAC,Elephant & Castle,Bakerloo;Northern
940GZZLUEPK,Elm Park,District
940GZZLUEMB,Embankment,Bakerloo;Circle;District;Northern
940GZZLUEPG,Epping,Central
940GZZLUEUS,Euston,Northern;Victoria
940GZZLUESQ,Euston Square,Circle;Hammersmith & City;Metropolitan
940GZZLUFLP,Fairlop,Central
940GZZLUFCN,Farringdon,Circle;Hammersmith & City;Metropolitan
940GZZLUFYC,Finchley Central,Northern
940GZZLUFYR,Finchley Road,Jubilee;Metropolitan
940GZZLUFPK,Finsbury Park,Piccadilly;Victoria
940GZZLUFBY,Fulham Broadway,District
940GZZLUGTH,Gants Hill,Central
940GZZLUGTR,Gloucester Road,Circle;District;Piccadilly
940GZZLUGGN,Golders Green,Northern
940GZZLUGHK,Goldhawk Road,Circle;Hammersmith & City
940GZZLUGDG,Goodge Street,Northern
940GZZLUGGH,Grange Hill,Central
940GZZLUGPS,Great Portland Street,Circle;Hammersmith & City;Metropolitan
940GZZLUGPK,Green Park,Jubilee;Piccadilly;Victoria
940GZZLUGFD,Greenford,Central
940GZZLUGBY,Gunnersbury,District
940GZZLUHLT,Hainault,Central
940GZZLUHSD,Hammersmith (Dist&Picc Line),District;Piccadilly
940GZZLUHSC,Hammersmith (H&C Line),Circle;Hammersmith & City
940GZZLUHTD,Hampstead,Northern
940GZZLUHGR,Hanger Lane,Central
940GZZLUHSN,Harlesden,Bakerloo
940GZZLUHAW,Harrow & Wealdstone,Bakerloo
940GZZLUHOH,Harrow-on-the-Hill,Metropolitan
940GZZLUHNX,Hatton Cross,Piccadilly
940GZZLUHR4,Heathrow Terminal 4,Piccadilly
940GZZLUHR5,Heathrow Terminal 5,Piccadilly
940GZZLUHRC,Heathrow Terminals 2 & 3,Piccadilly
940GZZLUHCL,Hendon Central,Northern
940GZZLUHBT,High Barnet,Northern
940GZZLUHSK,High Street Kensington,Circle;District
940GZZLUHAI,Highbury & Islington,Victoria
940GZZLUHGT,Highgate,Northern
940GZZLUHGD,Hillingdon,Metropolitan;Piccadilly
940GZZLUHBN,Holborn,Central;Piccadilly
940GZZLUHPK,Holland Park,Central
940GZZLUHWY,Holloway Road,Piccadilly
940GZZLUHCH,Hornchurch,District
940GZZLUHWC,Hounslow Central,Piccadilly
940GZZLUHWE,Hounslow East,Piccadilly
940GZZLUHWT,Hounslow West,Piccadilly
940GZZLUHPC,Hyde Park Corner,Piccadilly
940GZZLUICK,Ickenham,Metropolitan;Piccadilly
940GZZLUKNG,Kennington,Northern
940GZZLUKSL,Kensal Green,Bakerloo
940GZZLUKOY,Kensington (Olympia),District
940GZZLUKSH,Kentish Town,Northern
940GZZLUKEN,Kenton,Bakerloo
940GZZLUKWG,Kew Gardens,District
940GZZLUKBN,Kilburn,Jubilee
940GZZLUKPK,Kilburn Park,Bakerloo
940GZZLUKSX,King's Cross St. Pancras,Circle;Hammersmith & City;Metropolitan;Northern;Piccadilly;Victoria
940GZZLUKBY,Kingsbury,Jubilee
940GZZLUKNB,Knightsbridge,Piccadilly
940GZZLULAD,Ladbroke Grove,Circle;Hammersmith & City
940GZZLULBN,Lambeth North,Bakerloo
940GZZLULGT,Lancaster Gate,Central
940GZZLULRD,Latimer Road,Circle;Hammersmith & City
940GZZLULSQ,Leicester Square,Northern;Piccadilly
940GZZLULYN,Leyton,Central
940GZZLULYS,Leytonstone,Central
940GZZLULVT,Liverpool Street,Central;Circle;Hammersmith & City;Metropolitan
940GZZLULNB,London Bridge,Jubilee;Northern
940GZZLULGN,Loughton,Central
940GZZLUMVL,Maida Vale,Bakerloo
940GZZLUMRH,Manor House,Piccadilly
940GZZLUMSH,Mansion House,Circle;District
940GZZLUMBA,Marble Arch,Central
940GZZLUMYB,Marylebone,Bakerloo
940GZZLUMED,Mile End,Central;District;Hammersmith & City
940GZZLUMHL,Mill Hill East,Northern
940GZZLUMMT,Monument,Circle;District
940GZZLUMPK,Moor Park,Metropolitan
940GZZLUMGT,Moorgate,Circle;Hammersmith & City;Metropolitan;Northern
940GZZLUMDN,Morden,Northern
940GZZLUMTC,Mornington Crescent,Northern
940GZZLUNDN,Neasden,Jubilee
940GZZLUNBP,Newbury Park,Central
940GZZLUNAN,North Acton,Central
940GZZLUNEN,North Ealing,Piccadilly
940GZZLUNGW,North Greenwich,Jubilee
940GZZLUNHA,North Harrow,Metropolitan
940GZZLUNWY,North Wembley,Bakerloo
940GZZLUNFD,Northfields,Piccadilly
940GZZLUNHT,Northolt,Central
940GZZLUNKP,Northwick Park,Metropolitan
940GZZLUNOW,Northwood,Metropolitan
940GZZLUNWH,Northwood Hills,Metropolitan
940GZZLUNHG,Notting Hill Gate,Central;Circle;District
940GZZLUOAK,Oakwood,Piccadilly
940GZZLUODS,Old Street,Northern
940GZZLUOSY,Osterley,Piccadilly
940GZZLUOVL,Oval,Northern
940GZZLUOXC,Oxford Circus,Bakerloo;Central;Victoria
940GZZLUPAC,Paddington,Bakerloo;Circle;District
940GZZLUPAH,Paddington (H&C Line),Circle;Hammersmith & City
940GZZLUPKR,Park Royal,Piccadilly
940GZZLUPSG,Parsons Green,District
940GZZLUPVL,Perivale,Central
940GZZLUPCC,Piccadilly Circus,Bakerloo;Piccadilly
940GZZLUPCO,Pimlico,Victoria
940GZZLUPNR,Pinner,Metropolitan
940GZZLUPLW,Plaistow,District;Hammersmith & City
940GZZLUPRD,Preston Road,Metropolitan
940GZZLUPYB,Putney Bridge,District
940GZZLUQPS,Queen's Park,Bakerloo
940GZZLUQBY,Queensbury,Jubilee
940GZZLUQWY,Queensway,Central
940GZZLURVP,Ravenscourt Park,District
940GZZLURYL,Rayners Lane,Metropolitan;Piccadilly
940GZZLURBG,Redbridge,Central
940GZZLURGP,Regent's Park,Bakerloo
940GZZLURMD,Richmond,District
940GZZLURKW,Rickmansworth,Metropolitan
940GZZLURVY,Roding Valley,Central
940GZZLURYO,Royal Oak,Circle;Hammersmith & City
940GZZLURSP,Ruislip,Metropolitan;Piccadilly
940GZZLURSG,Ruislip Gardens,Central
940GZZLURSM,Ruislip Manor,Metropolitan;Piccadilly
940GZZLURSQ,Russell Square,Piccadilly
940GZZLUSVS,Seven Sisters,Victoria
940GZZLUSBC,Shepherd's Bush (Central),Central
940GZZLUSBM,Shepherd's Bush Market,Circle;Hammersmith & City
940GZZLUSSQ,Sloane Square,Circle;District
940GZZLUSNB,Snaresbrook,Central
940GZZLUSEA,South Ealing,Piccadilly
940GZZLUSHH,South Harrow,Piccadilly
940GZZLUSKS,South Kensington,Circle;District;Piccadilly
940GZZLUSKT,South Kenton,Bakerloo
940GZZLUSRP,South Ruislip,Central
940GZZLUSWN,South Wimbledon,Northern
940GZZLUSWF,South Woodford,Central
940GZZLUSFS,Southfields,District
940GZZLUSGT,Southgate,Piccadilly
940GZZLUSWK,Southwark,Jubilee
940GZZLUSJP,St. James's Park,Circle;District
940GZZLUSJW,St. John's Wood,Jubilee
940GZZLUSPU,St. Paul's,Central
940GZZLUSFB,Stamford Brook,District
940GZZLUSTM,Stanmore,Jubilee
940GZZLUSGN,Stepney Green,District;Hammersmith & City
940GZZLUSKW,Stockwell,Northern;Victoria
940GZZLUSGP,Stonebridge Park,Bakerloo
940GZZLUSTD,Stratford,Central;Jubilee
940GZZLUSUH,Sudbury Hill,Piccadilly
940GZZLUSUT,Sudbury Town,Piccadilly
940GZZLUSWC,Swiss Cottage,Jubilee
940GZZLUTMP,Temple,Circle;District
940GZZLUTHB,Theydon Bois,Central
940GZZLUTBC,Tooting Bec,Northern
940GZZLUTBY,Tooting Broadway,Northern
940GZZLUTCR,Tottenham Court Road,Central;Northern
940GZZLUTMH,Tottenham Hale,Victoria
940GZZLUTAW,Totteridge & Whetstone,Northern
940GZZLUTWH,Tower Hill,Circle;District
940GZZLUTFP,Tufnell Park,Northern
940GZZLUTNG,Turnham Green,District;Piccadilly
940GZZLUTPN,Turnpike Lane,Piccadilly
940GZZLUUPM,Upminster,District
940GZZLUUPB,Upminster Bridge,District
940GZZLUUPY,Upney,District
940GZZLUUPK,Upton Park,District;Hammersmith & City
940GZZLUUXB,Uxbridge,Metropolitan;Piccadilly
940GZZLUVXL,Vauxhall,Victoria
940GZZLUVIC,Victoria,Circle;District;Victoria
940GZZLUWWL,Walthamstow Central,Victoria
940GZZLUWSD,Wanstead,Central
940GZZLUWRR,Warren Street,Northern;Victoria
940GZZLUWKA,Warwick Avenue,Bakerloo
940GZZLUWLO,Waterloo,Bakerloo;Jubilee;Northern;Waterloo & City
940GZZLUWAF,Watford,Metropolitan
940GZZLUWYC,Wembley Central,Bakerloo
940GZZLUWYP,Wembley Park,Jubilee;Metropolitan
940GZZLUWTA,West Acton,Central
940GZZLUWBN,West Brompton,District
940GZZLUWFN,West Finchley,Northern
940GZZLUWHM,West Ham,District;Hammersmith & City;Jubilee
940GZZLUWHP,West Hampstead,Jubilee
940GZZLUWHW,West Harrow,Metropolitan
940GZZLUWKN,West Kensington,District
940GZZLUWRP,West Ruislip,Central
940GZZLUWSP,Westbourne Park,Circle;Hammersmith & City
940GZZLUWSM,Westminster,Circle;District;Jubilee
940GZZLUWCY,White City,Central
940GZZLUWPL,Whitechapel,District;Hammersmith & City
940GZZLUWIG,Willesden Green,Jubilee;Metropolitan
940GZZLUWJN,Willesden Junction,Bakerloo
940GZZLUWIM,Wimbledon,District
940GZZLUWIP,Wimbledon Park,District
940GZZLUWOG,Wood Green,Piccadilly
940GZZLUWLA,Wood Lane,Circle;Hammersmith & City
940GZZLUWOF,Woodford,Central
940GZZLUWOP,Woodside Park,Northern
